24	NE8 1YN
25	NE8 3JF
33	NE8 3JE
36	NE10 0HQ
40	NE8 4JQ
45	NE40 3EJ
49	NE8 3PF
50	NE9 5XT
51	NE11 0DH
54	NE9 6EB
55	NE10 9BY
56	NE11 9TD
59	NE39 1LA
61	NE8 4BD
62	NE9 5UY
63	NE9 7LF
66	NE10 9TR
67	NE11
68	NE16 5DP
78	NE8 2DL
79	NE9 6AF
80	NE21 4NJ
82	DH3 1PX
83	DH3 1RY
87	NE10 0DW
88	NE11
89	NE11 0DY
90	NE39 1EF
93	NE8 1XN
94	NE8 4JS
95	NE9 5DJ
96	NE9 6PL
97	NE9 6UG
98	NE9 7DX
99	NE9 7XS
100	NE9 7XY
103	NE21 4LP
110	NE8 4HA
111	NE9 6HE
112	NE9 7YA
116	DH3 1BD
117	DH3 1DE
118	DH3 1NS
122	NE21 4FF
129	NE10 8NP
130	NE10 8PN
131	NE10 8PN
132	DH3 2JQ
134	NE10 8WJ
135	NE11
136	NE11 9LB
139	NE9 6JR
140	NE9 7HE
141	NE9 7TL
142	NE9 7XU
144	NE11
145	NE16 5DT
146	NE9 5NN
147	NE40 4AU
148	NE40 4DH
149	NE40 4DR
150	NE40 4PD
151	NE40 4PR
152	NE40 4XD
153	NE40 4XL
155	NE8 1PX
156	NE8 1RT
157	NE9 5EL
166	NE10 8UN
167	NE10 8UT
168	NE10 9TE
169	NE11
170	NE11
171	NE11 9RD
172	NE11 9RE
175	NE16 5DP
176	NE16 5DP
177	NE16 5DW
178	NE21 4FP
192	NE40 4XL
197	NE8 1NZ
198	NE8 1TF
199	NE8 1UY
200	NE8 1UY
201	NE8 1XN
202	NE8 3DD
203	NE8 4SA
207	NE9 5HR
208	NE9 6AA
209	NE9 6AD
210	NE9 7DU
211	NE9 7TU
293	NE8 1TG
296	NE10 0RQ
297	NE11 0YE
298	NE8 3QP
301	NE9 5XS
302	NE9 5YP
303	NE9 6LD
304	NE9 6NW
305	NE9 6QQ
306	NE9 6XB
307	NE9 7AW
308	NE9 7BS
309	NE9 7HB
310	NE9 7TH
311	NE9 7TY
313	DH3 1JW
314	DH3 1RX
316	NE16 5LS
319	NE8 3QQ
320	NE8 4TH
321	NE9 6NH
323	NE10 8EX
324	NE21 4LZ
325	NE8 3RR
326	NE21 4DE
327	NE21 4EQ
330	NE39 1DH
331	NE40 4SP
341	NE11 0BX
342	NE8 3QQ
343	NE9 5HD
344	NE9 6JR
351	NE8 1YL
357	NE10 0BL
358	NE10 9HP
359	NE10 9RX
362	NE8 2GF
363	NE8 3HG
364	NE8 3UH
365	NE8 3UL
366	NE9 5DP
367	NE9 5HL
368	NE9 5PR
369	NE9 5TQ
370	NE9 5TR
371	NE9 6EN
372	NE9 6GB
373	NE9 6HE
374	NE9 6HE
375	NE9 6NT
376	NE9 6TY
377	NE11 0YG
381	NE8 2YP
382	NE8 3FL
384	NE9 5DP
385	NE9 5PR
386	NE9 5TJ
387	NE9 5YD
388	NE9 7HR
389	NE9 7UD
390	NE21 4FH
391	NE40 3PT
392	NE40 4HR
393	NE40 4TS
396	DH3 1JB
397	DH3 1QL
398	DH3 1RY
403	NE39 2NF
406	NE9 6PX
408	DH3 1QL
410	NE11 0DH
412	NE16 3EZ
413	NE21
414	NE21 4BW
415	NE21 4FH
416	NE21 6PG
417	NE40 4NR
418	NE10 8HS
419	NE10 8SH
420	NE10 9RP
421	NE10 9TW
422	NE8 3SB
423	NE8 3UJ
424	NE8 4QE
428	NE9 5AL
429	NE9 5DR
430	NE9 5ED
431	NE9 5LR
432	NE9 6AB
433	NE9 6AQ
434	NE9 6AX
435	NE9 6EG
436	NE9 6JY
437	NE9 6NR
438	NE9 7TJ
439	NE10 8WJ
440	NE10 8XB
441	NE8 2QF
442	NE8 3RX
443	NE8 4LA
446	NE9 5QA
447	NE9 6ET
448	NE9 6ND
449	NE9 6PP
450	NE8 1TQ
451	NE8 4AH
452	NE8 4DR
454	NE9 5AD
455	NE9 5PY
456	NE9 5TB
457	NE9 6TJ
458	NE9 6TS
459	NE9 7HR
460	NE21 5ES
461	NE16 3HX
462	NE21 4BE
463	NE21 4RR
464	NE21 5JF
465	NE40
466	NE10 8AA
467	NE10 8LA
470	NE8 3FG
471	NE8 3RX
472	NE8 3RX
473	NE8 4TX
474	NE9 5AJ
475	NE9 5BB
476	NE9 5ED
477	NE9 5EJ
478	NE9 5PB
479	NE9 6DA
480	NE9 6EG
481	NE9 6HL
482	NE9 6NT
483	NE9 6NW
484	NE9 6NX
485	NE9 6QP
486	NE9 6QT
487	NE9 6TE
488	NE11 0BT
489	NE8 2HJ
492	NE9 6NL
493	NE9 7HR
495	NE8 4EJ
496	NE8 4JY
497	NE8 4NY
498	NE9 5PS
499	NE9 7XF
502	NE11
503	NE16 5BN
504	NE16 5DW
505	NE17 7BG
512	NE8 1QB
513	NE8 1QQ
514	NE8 4QH
516	NE16
517	NE16 4QT
518	NE16 5LB
519	NE21
520	NE10 8LD
521	NE10 9RQ
523	NE8 3RX
524	NE8 3SB
525	NE8 3UY
526	NE8 4JR
527	NE8 4TX
528	NE9 5BB
529	NE9 5BE
530	NE9 5BY
531	NE9 5PA
532	NE9 5PN
533	NE9 5QE
534	NE9 5RX
535	NE9 5YJ
536	NE9 6HH
537	NE9 6JA
538	NE9 6NW
539	NE9 6RG
540	NE9 7XF
541	DH3 1RG
542	NE10 0WZ
543	NE10 8UN
544	NE10 9NA
545	NE11
546	NE8 1NR
547	NE8 1XN
548	NE8 2PW
549	NE8 3BU
550	NE8 4DR
551	NE9 6HE
555	NE10 0JP
556	NE10 8PY
557	NE10 8XB
558	NE10 8XY
562	NE9 5BD
563	NE9 5EQ
564	NE9 6AB
566	NE10 9DS
567	NE11 0EH
568	NE8 3UX
570	NE9 5AB
571	NE9 5DL
572	NE9 5DP
573	NE9 5HU
574	NE9 5LD
575	NE9 5QT
576	NE9 5YL
577	NE9 6QX
578	NE9 6TB
579	NE9 7DG
580	NE9 7JH
599	NE16 5ED
602	NE21 6HD
607	NE9 6PU
625	NE8 1SR
626	NE9 6JN
631	NE10 0BN
632	NE10 8NL
633	NE10 8XH
634	NE11 0DJ
635	NE8 3RH
636	NE8 3TX
637	NE8 3UD
641	NE9 5BA
642	NE9 5LA
643	NE9 5QT
644	NE9 5RB
645	NE9 5TA
646	NE9 6EG
647	NE9 6QP
648	NE9 6TU
649	NE9 6UZ
657	DH3 1BE
658	DH3 1RL
669	NE10 8UU
670	NE11
675	NE16 5HB
676	NE16 5HT
678	NE21 6EG
679	NE21 6EZ
680	NE21 6HA
705	NE39 2AA
709	NE40
710	NE40 4XP
739	NE8 1RD
740	NE8 1UY
741	NE8 1XN
743	NE9 5ED
744	NE9 5JW
745	NE9 6TP
746	NE9 6TQ
747	NE9 6TU
748	NE9 7DU
749	NE9 7DX
810	NE10 8UN
811	NE10 8XB
812	NE11
813	NE11
819	NE16 5DP
820	NE16 5RT
827	NE21 6EJ
828	NE21 6ER
869	NE40 4XL
891	NE8 1PJ
892	NE8 1PJ
893	NE8 1PJ
894	NE8 1TG
895	NE8 1TW
896	NE8 1US
898	NE9 6AA
899	NE9 7HS
911	NE16 4TQ
914	NE16 5YW
915	NE8 1TZ
916	NE8 1US
917	NE8 4LJ
918	NE9 5HE
921	NE16 5BH
928	NE8 1TP
929	NE8 3DD
932	NE9 6AT
933	NE9 7DX
934	NE9 7HR
938	NE11
940	NE21 5RG
947	NE8 2TF
